main path	classification	rewrite mapping	status	notes
.github/workflows/check.yml	.github/workflows/check.yml	audited	ported	Restored the same generated-flake and flake-check CI workflow.
.gitignore	.gitignore	audited	identical	Byte-identical.
.pre-commit-config.yaml	.pre-commit-config.yaml	audited	identical	Byte-identical.
AGENTS.md	docs/architecture.md; docs/migration-status.md	intentional documentation replacement	The old descriptor-oriented contributor guide is superseded by current broadcast architecture documentation.
HOST_FAMILIES.md	docs/architecture.md	intentional documentation replacement	The host-family model is documented against the current direct-host architecture.
LICENSE	LICENSE	audited	ported	GPL-3 license restored.
README.md	README.md	intentional documentation replacement	The README now describes the broadcast-and-gate model instead of the old descriptor migration direction.
WORKING_MODEL.md	docs/architecture.md; docs/migration-status.md	intentional documentation replacement	Current architecture/migration records replace the obsolete inventory-and-descriptor working-model note.
flake.lock	flake.lock	audited	intentional input changes	Lock reflects the generic-kernel Pi choice, input-module colocation, and Determinate SSH fix trial.
flake.nix	flake.nix	audited	ported	Regenerated from Dendritic declarations; restored description while retaining intentional input changes.
justfile	justfile	audited	ported	All main recipes remain; audit-reference and audit-diff are additive maintenance helpers.
modules/dendritic/dendritic.nix	root Dendritic flake module	modules/dendritic/dendritic.nix	rewrite validated	Same flake-file/Dendritic bootstrap, inputs, systems, and import-tree output expression; the nix-auto-follow helper is colocated here.
modules/dendritic/metadata.nix	root Dendritic metadata	modules/dendritic/dendritic.nix	rewrite validated	Same flake description is consolidated with the root Dendritic wiring.
modules/dendritic/prune-lock.nix	root Dendritic helper	modules/dendritic/dendritic.nix	rewrite validated	Same nix-auto-follow flake module is consolidated with the Dendritic wiring.
modules/devshell.nix	development shell	devshell.nix	rewrite validated	The default shell retains just and pre-commit.
modules/home-manager/atuin/atuin.nix	wrapper/payload split	modules/home/atuin/_content.nix	main and rewrite validated	The rewrite retains main's evaluated import edges: the personal-profile laptop homes and the Atlas Atuin service host; generated Atuin settings hashes match.
modules/home-manager/bash/bash.nix	wrapper/payload split	modules/home/bash/_content.nix	main and rewrite validated	The rewrite passes only its Steam Deck predicate and profile path; Zaphod’s generated Bash initialization hash matches main exactly.
modules/home-manager/codex/_codex.nix	WSL payload adaptation	modules/platforms/wsl/wsl-work-home/codex/_content.nix	config file verified	The rewrite’s generated WSL Home Manager files include `.codex/config.toml`; main WSL evaluation is blocked by an unrelated unset calendar option.
modules/home-manager/codex/codex.nix	flake-input wrapper	modules/platforms/wsl/wsl-work-home/codex/codex.nix	main and rewrite structural review complete	The rewrite’s public WSL work Codex module now contains only Codex input wiring and imports the private `_content.nix` payload.
modules/home-manager/context/host-context.nix	Home Manager host-context option layer	modules/system/host-context/host-context.nix	intentional broadcast architecture	Host facts are declared once at NixOS level and consumed by broadcast Home Manager modules, avoiding a duplicate option schema while preserving the derived host predicates.
modules/home-manager/context/secrets.nix	Home Manager secret-path context options	modules/system/nix/secrets/_content.nix	intentional broadcast architecture	Secret consumers receive sops-nix paths from the NixOS/Home Manager integration instead of a separate Home Manager-only context schema.
modules/home-manager/firefox/_custom_firefox_addons.json	custom Firefox add-on source list	modules/home/firefox/firefox-addons/firefox-addons.json; modules/home/firefox/firefox-addons/_updater.nix	rewrite validated	Byte-identical add-on source list; updater and addon data are intentionally colocated with the Firefox add-ons component.
modules/home-manager/firefox/_custom_firefox_addons.nix	generated custom Firefox add-ons	modules/home/firefox/firefox-addons/_content.nix	rewrite validated	Byte-identical generated custom add-on definitions.
modules/home-manager/firefox/_firefox.nix	Firefox Home Manager payload	modules/home/firefox/_content.nix	rewrite structural split validated	The managed Firefox profile payload lives in private content and is assembled by the public Firefox broadcast module; Zaphod retains 19 managed extensions.
modules/home-manager/firefox/firefox.nix	flake-input and broadcast wrapper	modules/home/firefox/firefox.nix	rewrite structural split validated	The public module declares Firefox inputs and owns the non-Steam-Deck GUI/home broadcast binding; implementation details live in private content, while the add-on updater is colocated with the add-ons component. Laptop graphical homes retain the managed 19-extension profile while Emerald Echo remains disabled like main.
modules/home-manager/fish/fish.nix	deployment-wrapper adaptation	modules/home/fish/fish.nix; modules/home/fish/_content.nix	main and rewrite validated	All main command wrapper names, Fish plugins, secure-deploy, greeting behavior, and system Fish enablement are represented in the self-gated home-fish broadcast module; deployment target discovery is adapted to explicit broadcast host facts.
modules/home-manager/fish/functions/deck_functions.fish	Steam Deck status and journal helpers	modules/home/fish/_content.nix	rewrite validated	Restored deckStatus and deckLogs under the Steam Deck gate; Emerald Echo evaluates both managed functions.
modules/home-manager/fish/functions/fish_greeting.fish	Fish greeting	modules/home/fish/_content.nix	rewrite validated	Restored the Pi and Steam Deck status calls before the original fortune/cowsay greeting behavior.
modules/home-manager/fish/functions/pi_functions.fish	Pi status and journal helpers	modules/home/fish/_content.nix	rewrite validated	piStatus retains the thermal/service fallbacks and piLogs retains the optional line-count behavior; functions are emitted by the home-fish broadcast module.
modules/home-manager/fish/functions/secure-deploy.fish	guarded Naboo/Nevarro deployment	modules/home/fish/_content.nix	rewrite reviewed	Peer DNS/service checks, target lock, tail target, post-switch validation, and cleanup match main. Lowercase configuration keys, explicit flake path, and sleep inhibition are intentional wrapper adaptations.
modules/home-manager/gdrive/gdrive.nix	wrapper/payload split	modules/home/gdrive/_content.nix	main and rewrite validated	The rewrite retains its host feature gate and passes only the derived token name and SOPS file; evaluated rclone Drive configuration matches main.
modules/home-manager/git/_git.nix	main payload parity	modules/home/git/_content.nix	main and rewrite validated	Evaluated settings match; differing GitHub CLI helper store paths reflect the independently pinned package set.
modules/home-manager/git/git.nix	flake-input wrapper	modules/home/home/_content.nix; flake.nix	rewrite structural review complete	The rewrite declares the gitignore input through the shared Home profile wrapper and uses the home-git broadcast module for Git settings.
modules/home-manager/github-cli/github-cli.nix	wrapper/payload split	modules/home/github-cli/_content.nix	main and rewrite validated	The rewrite imports the exact GitHub CLI credential-helper payload.
modules/home-manager/gpg/gpg.nix	wrapper/payload split	modules/home/gpg/_content.nix	main and rewrite validated	The rewrite retains its personal-user gate and imports the main GPG payload. Effective options match; the package store path differs only because the rewrite pins a different nixpkgs revision.
modules/home-manager/graphical-home/graphical-home.nix	graphical Home Manager aggregator	modules/home/home/home.nix; modules/home/firefox/firefox.nix; modules/home/konsole/konsole.nix	intentional broadcast architecture	Main's aggregate import is replaced by self-gated broadcast modules for core home, Firefox, and Konsole; each retains its own feature gate.
modules/home-manager/home/home.nix	Home Manager aggregate import	modules/home/home/home.nix; modules/home/{atuin,bash,fish,git,github-cli,gpg,mcp,persistence,ssh,starship,steamdeck,tmux,vim}.nix	intentional broadcast architecture	Main contains aggregate imports and common Home Manager defaults. The rewrite decomposes those payloads into self-gated sibling broadcast modules, with home.nix owning only the base managed profile.
modules/home-manager/konsole/konsole.nix	wrapper/payload split	modules/home/konsole/_content.nix	main and rewrite validated	The rewrite retains its GUI/home gate and imports the same Night Owl theme payload; source hashes match.
modules/home-manager/lazyvim/_lazyvim.nix	LazyVim Home Manager payload	modules/home/lazyvim/_content.nix	rewrite ported	Restored all language dependency/runtime flags, the Night Owl plugin/theme configuration, Alejandra, and the parser list; no current host enables the feature for full option evaluation.
modules/home-manager/lazyvim/lazyvim.nix	flake-input wrapper	modules/home/lazyvim/lazyvim.nix	rewrite validated	Same lazyvim input declaration and import-tree-safe private implementation pattern.
modules/home-manager/mcp/mcp-personal.nix	wrapper/payload split	modules/home/mcp/_personal-content.nix	main and rewrite validated	The rewrite retains its explicit personalMcp feature policy; evaluated Zaphod servers match main.
modules/home-manager/mcp/mcp-work.nix	work-profile payload	modules/home/mcp/_work-content.nix; modules/home/mcp/mcp.nix	rewrite validated	Work MCP servers are split into a reusable content payload and applied by the shared MCP broadcast module on WSL; WSL evaluates with the expected work MCP set.
modules/home-manager/mcp/mcp.nix	common MCP payload	modules/home/mcp/_content.nix	main and rewrite validated	Common MCP server definitions are split from personal/work payloads and imported by both personal and WSL work profiles.
modules/home-manager/ssh/ssh.nix	wrapper/payload split	modules/home/ssh/_content.nix	main and rewrite validated	Zaphod’s generated SSH settings now match main exactly; the unintended NixPi base-host block was removed while preserving capitalized aliases.
modules/home-manager/starship/starship.nix	wrapper/payload split	modules/home/starship/_content.nix	main and rewrite validated	The rewrite imports the main payload through its existing Home Manager program wrapper; settings hashes match.
modules/home-manager/syncthing/syncthing.nix	service-model adaptation	modules/services/syncthing/syncthing.nix	main and rewrite validated	The rewrite’s topology-backed service/client implementation is intentional; evaluated Zaphod Home Manager Syncthing settings match main.
modules/home-manager/tmux/tmux.nix	wrapper/payload split	modules/home/tmux/_content.nix	main and rewrite validated	The rewrite imports the exact main tmux payload; `extraConfig` hashes match.
modules/home-manager/vim/vim.nix	wrapper/payload split	modules/home/vim/_content.nix	main and rewrite validated	The rewrite imports the exact main Vim payload for native homes and reuses it from the WSL editor-cli module; generated `extraConfig` hashes match.
modules/home-manager/vscode/_config-data.nix	editor configuration payload	modules/home/vscode/_settings-content.nix; modules/home/vscode/_profiles-content.nix	rewrite output validated	Shared, profile, package, and theme data are represented in focused private content files; active Zaphod profile output matches main exactly.
modules/home-manager/vscode/_package.nix	editor package and secret wrapper	modules/home/vscode/package/_content.nix	rewrite output validated	The themed package, OpenSSH patch, desktop-entry adjustment, and wrapped editor secret exports remain implemented in the private package payload.
modules/home-manager/vscode/_product.nix	editor product metadata	modules/home/vscode/package/_content.nix	rewrite output validated	VS Code/VSCodium binary and URL-handler metadata remain represented by the native package selector.
modules/home-manager/vscode/_profile-data.nix	profile extension and settings data	modules/home/vscode/_extensions-content.nix; modules/home/vscode/_settings-content.nix; modules/home/vscode/_profiles-content.nix	rewrite output validated	Restored the missing Nix profile Python format-on-type setting; active Zaphod profile output now matches main exactly.
modules/home-manager/vscode/_shared-config.nix	shared extensions and user settings	modules/home/vscode/_extensions-content.nix; modules/home/vscode/_settings-content.nix	rewrite output validated	Restored the full themed Nix token-color rules; active Zaphod profile output now matches main exactly; WSL consumes the same shared settings and extension data.
modules/home-manager/vscode/_theme-data.nix	theme settings payload	modules/home/vscode/_settings-content.nix	rewrite output validated	Party Owl, Synthwave Blues, and SynthWave 84 retain their theme settings and Nix syntax customization payloads.
modules/home-manager/vscode/_vscode.nix	content wrapper split	modules/home/vscode/vscode.nix	rewrite structural split validated	Existing native editor/profile implementation is registered directly by the public broadcast module, with focused package, extension, settings, profile, and option payloads in private content files; Zaphod still evaluates a managed vscode program.
modules/home-manager/vscode/openssh-nocheckcfg.patch	OpenSSH permission-check patch	modules/home/vscode/package/assets/openssh-nocheckcfg.patch	rewrite adapted	The same SSHCONF_CHECKPERM change is retained with context adjusted for the newer OpenSSH source layout and colocated with the VSCodium package wrapper.
modules/home-manager/vscode/vscode-wsl.nix	WSL Windows editor synchronization	modules/home/vscode/wsl-vscode/_content.nix	rewrite output validated	Direct Windows-profile rendering is intentional; the WSL payload now reuses shared VSCode settings, snippets, and extension inventories while retaining the managed sync/export path.
modules/home-manager/vscode/vscode.nix	flake-input wrapper	modules/home/vscode/vscode.nix	rewrite structural split validated	Public module now declares VS Code inputs and imports the private implementation.
modules/home-manager/work/sam-home-work.nix	wrapper/payload split	modules/platforms/wsl/wsl-work-home/wsl-work-home.nix; modules/platforms/wsl/wsl-work-home/_content.nix	rewrite validated	WSL work packages, .NET SDK composition, Azure DevOps CLI extension, credential-provider NuGet plugin, and NuGet template are retained in the self-gated WSL work-home broadcast module; package construction lives in the private content file.
modules/home-manager/wsl/sam-home-work-wsl.nix	wrapper/payload split	modules/home/{git,gpg,github-cli,mcp,ssh,vim}.nix; modules/home/vscode/wsl-vscode/_content.nix; modules/platforms/wsl/{wsl-fish,wsl-work-home,nixos-wsl}.nix	rewrite validated	WSL editor profile, work Git/GPG identity, private work secrets, shared Vim payload, and work-home tooling are represented by shared Home Manager broadcast modules plus WSL-only sync/work payloads; Codex work config is colocated under `wsl-work-home/codex`.
modules/hosts/common/_ssh.nix	modules/tooling/deployment/deployment.nix; host users	audited	ported	Public deployment keys are passed as declared host key files rather than descriptor paths.
modules/hosts/common/descriptors/_aarch64.nix	modules/hosts/{naboo,nevarro,nixpi,coruscant,ferrix}/host.nix	intentional broadcast architecture	Explicit Pi outputs replace generated inventory records.
modules/hosts/common/descriptors/_x86.nix	modules/hosts/*/host.nix	intentional broadcast architecture	Explicit host configurations replace generated x86 descriptors.
modules/hosts/common/registration/_x86.nix	modules/hosts/*/host.nix	intentional broadcast architecture	Direct lowercase configuration definitions replace registration builder output.
modules/hosts/common/users/_sam.nix	modules/users/sam/{sam,_content}.nix	audited	ported	Sam account password, keys, groups, UID/GID overrides, and optional autologin are declared by the shared broadcast Sam module.
modules/hosts/hosts.nix	flake.nix; modules/platforms/{rpi,steamdeck}.nix	intentional broadcast architecture	Base inputs are root-local; nixos-hardware is retained as a base input and the obsolete RPi input is intentionally not used with generic kernels.
modules/hosts/laptop/_descriptor-helpers.nix	Laptop descriptor defaults	modules/hosts/{kamino,zaphodbeeblebrox}/host.nix	intentional broadcast architecture	The broadcast hosts state workstation defaults directly instead of building descriptor records.
modules/hosts/laptop/_registration-builder.nix	Laptop output registration	modules/hosts/{kamino,zaphodbeeblebrox}/host.nix	intentional broadcast architecture	Explicit lowercase output registrations replace descriptor-derived configuration and bootstrap outputs.
modules/hosts/laptop/exports.nix	Laptop module exports	modules/hosts/{kamino,zaphodbeeblebrox}/*.nix	intentional broadcast architecture	Host modules are discovered directly by import-tree.
modules/hosts/laptop/kamino/_kamino/filesystem.nix	modules/hosts/kamino/hardware/hardware.nix	audited	ported	Encrypted root and swap UUIDs, ext4 mount flags, ESP masks, and swap device match.
modules/hosts/laptop/kamino/_kamino/hardware.nix	modules/hosts/kamino/hardware/hardware.nix	audited	ported	Kernel modules, PRIME buses, emulation, video drivers, and systemd-boot match.
modules/hosts/laptop/kamino/_kamino/host-data.nix	modules/hosts/kamino/host/host.nix	audited	ported	Workstation roles, deployment facts, and feature set match; containers are represented by explicit Docker and Podman features.
modules/hosts/laptop/kamino/_kamino/network.nix	modules/hosts/kamino/hardware/hardware.nix	audited	ported	NetworkManager is enabled.
modules/hosts/laptop/kamino/_kamino/users/sam.nix	modules/users/sam/{sam,_content}.nix	audited	ported	Sam's account, display-manager login, groups, password secret, and Kamino key match.
modules/hosts/laptop/kamino/exports.nix	modules/hosts/kamino/{hardware,users}.nix	audited	ported	Host-specific modules consolidate the same exported hardware, filesystem, network, and user settings.
modules/hosts/laptop/laptop.nix	modules/hosts/{kamino,zaphodbeeblebrox}/host.nix	intentional broadcast architecture	Direct configurations replace descriptor iteration.
modules/hosts/laptop/zaphodbeeblebrox/_zaphod/disko-config.nix	modules/hosts/zaphodbeeblebrox/disk/_content.nix	audited	ported	GPT, LUKS, Btrfs subvolumes, compression flags, and 35G swapfile match.
modules/hosts/laptop/zaphodbeeblebrox/_zaphod/filesystem.nix	modules/hosts/zaphodbeeblebrox/{hardware,disk}.nix	audited	ported	Restored the explicit secret-backed LUKS UUID binding alongside the Disko configuration.
modules/hosts/laptop/zaphodbeeblebrox/_zaphod/hardware.nix	modules/hosts/zaphodbeeblebrox/hardware/hardware.nix	audited	ported	Zenbook speaker service, initrd, PRIME buses, and boot settings match; the speaker helper script now lives in the private hardware content file.
modules/hosts/laptop/zaphodbeeblebrox/_zaphod/host-data.nix	modules/hosts/zaphodbeeblebrox/host/host.nix	audited	ported	Workstation roles, deployment facts, and feature set match; Determinate trial is an intentional current change.
modules/hosts/laptop/zaphodbeeblebrox/_zaphod/network.nix	modules/hosts/zaphodbeeblebrox/hardware/hardware.nix	audited	ported	NetworkManager is enabled.
modules/hosts/laptop/zaphodbeeblebrox/_zaphod/users/sam.nix	modules/users/sam/{sam,_content}.nix	audited	ported	Sam's account, display-manager login, groups, password secret, and Zaphod key match.
modules/hosts/laptop/zaphodbeeblebrox/exports.nix	modules/hosts/zaphodbeeblebrox/{hardware,disk,users}.nix	audited	ported	Host-specific modules consolidate the same exported hardware, filesystem, network, and user settings.
modules/hosts/rpi/_descriptor-common.nix	Pi output framework	modules/hosts/{naboo,nevarro,nixpi,coruscant,ferrix}/host.nix	intentional broadcast architecture	Explicit host/image/bootstrap configuration definitions replace descriptor-generated output records.
modules/hosts/rpi/_descriptor-helpers.nix	Pi descriptor framework	modules/platforms/rpi/*.nix; modules/hosts/*/host.nix	intentional broadcast architecture	Static/DHCP networking, service roles, and deployment facts are expressed directly through shared platform modules and host facts.
modules/hosts/rpi/_module-builders.nix	Pi base/image framework	modules/platforms/rpi/*.nix; modules/hosts/*/host.nix	intentional broadcast architecture	The common platform module plus explicit SD image definitions replace generated import stacks.
modules/hosts/rpi/_registration-builder.nix	Pi configuration registration	modules/hosts/{naboo,nevarro,nixpi,coruscant,ferrix}/host.nix	intentional broadcast architecture	Explicit lowercase configuration outputs replace descriptor registration while preserving normal, image, and bootstrap variants.
modules/hosts/rpi/_registration-common.nix	Pi descriptor fact helpers	modules/system/host-context/host-context.nix; modules/hosts/*/host.nix	intentional broadcast architecture	Shared host facts and explicit host definitions replace descriptor fact merging.
modules/hosts/rpi/_rpi/_motd.nix	Pi status MOTD	modules/platforms/rpi/rpi-status/rpi-status.nix	rewrite validated	Same status/MOTD behavior and service reporting are provided by the shared Pi status module; the generated MOTD script lives in private content.
modules/hosts/rpi/_rpi/_nix-index.nix	Pi nix-index updater	modules/platforms/rpi/rpi-nix-index/rpi-nix-index.nix	rewrite validated	Same update script, systemd service/timer, alias, and architecture-specific database download; the script derivation lives in private content.
modules/hosts/rpi/_rpi/_system-defaults.nix	Pi platform defaults	modules/platforms/rpi/rpi-base/rpi-base.nix; modules/platforms/rpi/rpi-network/rpi-network.nix	rewrite adapted	Hardware packages, command-not-found policy, SSH accounting, gateway, CMA setting, and evaluated kernel params are retained; generic kernel selection is intentional.
modules/hosts/rpi/_rpi/_user-access.nix	Pi user/device access	modules/platforms/rpi/rpi-base/rpi-base.nix; modules/users/sam/{sam,_content}.nix	rewrite validated	Video access, VCHIQ rules, vcgencmd sudo, and account-specific password/key declarations are retained.
modules/hosts/rpi/_rpi/base.nix	Pi aggregate	modules/platforms/rpi/*.nix	rewrite validated	The common Pi base is split into focused platform modules with equivalent payloads.
modules/hosts/rpi/_rpi/hardware.nix	Pi hardware baseline	modules/platforms/rpi/rpi-base/rpi-base.nix	rewrite adapted	Same essential initrd module names, filesystem, and DHCP defaults; the upstream hardware boundary is retained while the generic cached kernel is intentional.
modules/hosts/rpi/_rpi/service-host.nix	Pi DNS service-host setup	modules/hosts/{naboo,nevarro}/host.nix; modules/platforms/rpi/rpi-network/rpi-network.nix	rewrite validated	Static addresses, resolvers, remote deploy user keys, and DNS-service facts are explicitly represented in host data; common RPi static interface wiring remains in rpi-network.
modules/hosts/rpi/coruscant/_coruscant/host-data.nix	Coruscant host definition	modules/hosts/coruscant/host/host.nix	rewrite validated	Static address and Home Assistant DNS record are retained.
modules/hosts/rpi/exports.nix	modules/platforms/rpi/rpi/rpi.nix; modules/hosts/{naboo,nevarro,nixpi,coruscant,ferrix}/host.nix	intentional broadcast architecture	Import-tree platform and direct host registrations replace RPi library export.
modules/hosts/rpi/ferrix/_ferrix/host-data.nix	Ferrix host definition	modules/hosts/ferrix/host/host.nix; modules/users/sam/{sam,_content}.nix	rewrite validated	Static address, Pi platform facts, and the descriptor-supplied CLI user payload are retained.
modules/hosts/rpi/naboo/_naboo/host-data.nix	Naboo host definition	modules/hosts/naboo/host/host.nix; modules/users/sam/{sam,_content}.nix	rewrite validated	Static network, failover, monitoring, zram, keys, local checkout path, image output, and DHCP/CoreDNS facts are retained.
modules/hosts/rpi/nevarro/_nevarro/host-data.nix	Nevarro host definition	modules/hosts/nevarro/host/host.nix; modules/users/sam/{sam,_content}.nix	rewrite validated	Static network, monitoring, zram, keys, local checkout path, and image output are retained.
modules/hosts/rpi/nixpi/_nixpi/host-data.nix	NixPi host definition	modules/hosts/nixpi/host/host.nix; modules/users/sam/{sam,_content}.nix	rewrite validated	DHCP host, standard/image outputs, bootstrap/image variants, and the descriptor-supplied standard CLI user payload are retained.
modules/hosts/rpi/rpi.nix	Pi family aggregator	modules/platforms/rpi/rpi/rpi.nix; modules/hosts/*/host.nix	intentional broadcast architecture	The generic-kernel Pi platform and individual host output definitions replace the descriptor family registration.
modules/hosts/server/_descriptor-helpers.nix	server descriptor framework	modules/hosts/atlasuponraiden/host/host.nix	intentional broadcast architecture	Explicit Atlas host facts and self-gated services replace generated server descriptor imports.
modules/hosts/server/_registration-builder.nix	server configuration registration	modules/hosts/atlasuponraiden/host/host.nix	intentional broadcast architecture	Explicit Atlas runtime configuration replaces descriptor registration; the unused Atlas bootstrap output was retired.
modules/hosts/server/atlasuponraiden/_atlas/bootstrap.nix	Atlas bootstrap definition		retired	User indicated there is no known reason to keep an Atlas bootstrap output; the rewrite no longer declares `atlasuponraiden-bootstrap`.
modules/hosts/server/atlasuponraiden/_atlas/config.nix	Atlas service configuration	modules/hosts/atlasuponraiden/host/host.nix; modules/hosts/atlasuponraiden/users/users.nix; modules/hosts/atlasuponraiden/services/services.nix; modules/users/sam/{sam,_content}.nix	rewrite validated	Service enablement, Samba settings, Immich location, monitoring targets, and service overrides are retained.
modules/hosts/server/atlasuponraiden/_atlas/disko-config.nix	Atlas disk layout	modules/hosts/atlasuponraiden/disk/_content.nix	rewrite validated	RAID ESP and Btrfs subvolume layout matches main.
modules/hosts/server/atlasuponraiden/_atlas/filesystem.nix	Atlas storage configuration	modules/hosts/atlasuponraiden/storage/storage.nix	rewrite validated	Auto-scrub, RAID media mount, mergerfs package, and all media union mounts match main.
modules/hosts/server/atlasuponraiden/_atlas/hardware.nix	Atlas hardware and boot	modules/hosts/atlasuponraiden/hardware/hardware.nix	rewrite validated	Initrd, kernel modules, systemd-boot mirror, RAID mail, microcode, and NetworkManager payload match.
modules/hosts/server/atlasuponraiden/_atlas/host-data.nix	Atlas host definition	modules/hosts/atlasuponraiden/host/host.nix	rewrite validated	Address, roles, deployment keys, feature/service facts, and local DNS record are retained; the unused bootstrap output was retired.
modules/hosts/server/atlasuponraiden/_atlas/media.nix	Atlas media topology	modules/hosts/atlasuponraiden/host/host.nix	rewrite validated	Media root, DNS resolvers, group GID, and fixed container identities match main.
modules/hosts/server/atlasuponraiden/_atlas/network.nix	Atlas networking	modules/hosts/atlasuponraiden/host/host.nix; modules/hosts/atlasuponraiden/hardware/hardware.nix	rewrite validated	LAN address, DHCP default, and NetworkManager enablement are retained.
modules/hosts/server/atlasuponraiden/_atlas/service-overrides.nix	Atlas service overrides	modules/hosts/atlasuponraiden/services/services.nix	rewrite validated	PostgreSQL shared-memory workaround and Sonos media account are retained.
modules/hosts/server/atlasuponraiden/_atlas/users/sam.nix	Atlas Sam account	modules/users/sam/{sam,_content}.nix	rewrite validated	Groups, password secret, and authorized keys are retained; the display name is explicitly Sam.
modules/hosts/server/atlasuponraiden/exports.nix	modules/hosts/atlasuponraiden/{host,hardware,disk,storage,users,services}.nix	audited	ported	Atlas hardware, filesystem, network, services, user, media, and Syncthing payloads are consolidated in host modules.
modules/hosts/server/exports.nix	modules/hosts/atlasuponraiden/*.nix	intentional broadcast architecture	Direct discovery replaces server registration-library export.
modules/hosts/server/server.nix	modules/hosts/atlasuponraiden/host/host.nix	intentional broadcast architecture	The Atlas configuration is registered directly.
modules/hosts/steamdeck/_descriptor-helpers.nix	Steam Deck host facts	modules/hosts/emeraldecho/host/host.nix	intentional broadcast architecture	Explicit Emerald Echo outputs replace the descriptor record.
modules/hosts/steamdeck/_platform-helpers.nix	Steam Deck platform factory	modules/platforms/steamdeck/*.nix	intentional broadcast architecture	Platform behavior is globally imported and gated by host.platform.
modules/hosts/steamdeck/_platform/decky/decky-plugins.nix	modules/platforms/steamdeck/_steamdeck/decky-plugins/decky-plugins.nix	audited	ported	Declarative plugin staging and seeded-settings bridge match.
modules/hosts/steamdeck/_platform/decky/plugins/xrgaming.nix	modules/platforms/steamdeck/_steamdeck/decky-loader/decky-loader.nix	audited	ported	The same XR udev rules are applied when Decky is enabled.
modules/hosts/steamdeck/_platform/decky/steamdeck-decky.nix	modules/platforms/steamdeck/_steamdeck/decky-loader/decky-loader.nix	audited	ported	Decky compatibility patch, runtime libraries, Python helpers, service environment, and CEF toggle match; the patched package and helper script live in private Decky Loader content.
modules/hosts/steamdeck/_platform/decky/steamdeck-plugins.nix	modules/platforms/steamdeck/_steamdeck/decky-catalog/decky-catalog.nix	audited	ported	Plugin catalogue and both DeckWebBrowser setting paths match.
modules/hosts/steamdeck/_platform/steamdeck/disk-configs/steamdeck-dualboot-disk-config.nix	modules/platforms/steamdeck/_steamdeck/boot-modes/dualboot.nix	audited	ported	The dual-boot Btrfs layout is represented as the same explicit runtime mounts for the existing SteamOS-owned GPT.
modules/hosts/steamdeck/_platform/steamdeck/disk-configs/steamdeck-singleboot-disk-config.nix	modules/platforms/steamdeck/_steamdeck/boot-modes/singleboot.nix	audited	ported	Single-boot GPT, ESP, and Btrfs subvolumes match.
modules/hosts/steamdeck/_platform/steamdeck/steamdeck-home.nix	modules/home/steamdeck/_content.nix; modules/users/sam/{sam,_content}.nix	audited	ported	Steam config seed, XR service, Reshade directories, return-to-gaming launcher, and Emerald Echo's Steam Deck account ownership match.
modules/hosts/steamdeck/_platform/steamdeck/steamdeck-hw-config.nix	modules/platforms/steamdeck/_steamdeck/{hardware,boot-modes}; modules/system/plymouth/plymouth.nix	audited	ported	Deck boot, AMD graphics, WirePlumber naming, and boot-mode filesystems live in reusable Steam Deck platform modules; shared GUI Plymouth policy lives in the generic Plymouth module.
modules/hosts/steamdeck/_platform/steamdeck/steamdeck-steam.nix	modules/platforms/steamdeck/_steamdeck/jovian/jovian.nix	audited	ported	Restored Steam CJK font override and hidapi alongside Jovian gaming settings.
modules/hosts/steamdeck/_platform/steamdeck/steamdeck-system.nix	modules/platforms/steamdeck/_steamdeck/jovian/jovian.nix; modules/system/base/base.nix	audited	ported	System packages, desktop/audio baseline, locale, Dvorak console, cleanup policy, and service limits match; installer state version remains unmodified.
modules/hosts/steamdeck/_profiles/base-module.nix	modules/hosts/emeraldecho/host/_host-content.nix; modules/hosts/emeraldecho/host/_content.nix; modules/hosts/emeraldecho/host/host.nix; modules/platforms/steamdeck/_steamdeck/boot-modes	intentional broadcast architecture	Tags and explicit variant modules replace lifecycle/boot-mode factory arguments; boot-mode payloads are platform-gated.
modules/hosts/steamdeck/_profiles/bootstrap-module.nix	modules/hosts/emeraldecho/host/_bootstrap-content.nix	audited	ported	Dual/single bootstrap users, credentials, final targets, and SSH settings match.
modules/hosts/steamdeck/_profiles/home-configuration.nix	modules/hosts/emeraldecho/host/_steamos-library-content.nix	audited	ported	SteamOS-only Deck home configuration retains the same mount reconciliation and package payload.
modules/hosts/steamdeck/_profiles/installer-module.nix	modules/hosts/emeraldecho/host/_installer-content.nix	audited	ported	Installer identity, SSH, Steam/Decky disablement, ISO settings, and safety settings match without overriding stateVersion.
modules/hosts/steamdeck/_profiles/system-module.nix	modules/hosts/emeraldecho/{host,users}.nix	audited	ported	System user, remote builder keys, host packages, Flatpaks, and KDE Connect match.
modules/hosts/steamdeck/_registration-builder.nix	modules/hosts/emeraldecho/host/host.nix	intentional broadcast architecture	Explicit configuration outputs replace generated registration records.
modules/hosts/steamdeck/emeraldecho/_host/host-data.nix	modules/hosts/emeraldecho/host/_host-content.nix	audited	ported	Emerald Echo host roles, platform, deployment keys, and feature facts match.
modules/hosts/steamdeck/emeraldecho/_host/host.nix	modules/hosts/emeraldecho/host/_host-content.nix; modules/hosts/emeraldecho/host/host.nix	audited	ported	Host, package, user, and variant content match.
modules/hosts/steamdeck/emeraldecho/_host/registration.nix	modules/hosts/emeraldecho/host/host.nix	intentional broadcast architecture	Direct lower-case configuration definitions replace registration helper output generation.
modules/hosts/steamdeck/emeraldecho/_host/runtime.nix	modules/hosts/emeraldecho/host/_steamos-library-content.nix	audited	ported	SteamOS library mount reconciliation is retained byte-for-byte in behavior.
modules/hosts/steamdeck/emeraldecho/_host/variants.nix	modules/hosts/emeraldecho/host/_content.nix; modules/hosts/emeraldecho/host/_bootstrap-content.nix; modules/hosts/emeraldecho/host/_installer-content.nix; modules/hosts/emeraldecho/host/host.nix; modules/platforms/steamdeck/_steamdeck/boot-modes	audited	ported	Dual, single, bootstrap, and installer outputs are all preserved; single/dual boot-mode payloads are reusable Steam Deck platform modules.
modules/hosts/steamdeck/exports.nix	modules/platforms/steamdeck/steamdeck.nix; modules/hosts/emeraldecho/*.nix	intentional broadcast architecture	Import-tree discovery replaces export aggregation.
modules/hosts/steamdeck/steamdeck.nix	modules/platforms/steamdeck/steamdeck.nix	audited	ported	Jovian input and gated Steam Deck platform import match.
modules/hosts/wsl/_descriptor-helpers.nix	modules/hosts/nixos-wsl/host/{host,_content}.nix	intentional broadcast architecture	The one WSL output registers explicit host facts through private host content rather than a descriptor helper.
modules/hosts/wsl/_registration-builder.nix	modules/hosts/nixos-wsl/host/host.nix	intentional broadcast architecture	Direct configuration registration replaces the generic x86 output builder.
modules/hosts/wsl/exports.nix	modules/hosts/nixos-wsl/host/host.nix	intentional broadcast architecture	Import-tree discovery replaces exported host module aggregation.
modules/hosts/wsl/nixos-wsl/_nixos-wsl/host-data.nix	modules/hosts/nixos-wsl/host/_content.nix	audited	ported	WSL platform, workstation role, local-only deployment, and nix-ld are represented in private host content.
modules/hosts/wsl/nixos-wsl/_nixos-wsl/host.nix	modules/platforms/wsl/nixos-wsl/{nixos-wsl,_content}.nix; modules/hosts/nixos-wsl/{host,users,system}/*.nix	audited	ported	WSL integration and normal-user setup are retained; the work account intentionally uses ssorensen with display name Sam.
modules/hosts/wsl/wsl.nix	modules/hosts/nixos-wsl/host/host.nix	intentional broadcast architecture	The explicit lower-case configuration replaces descriptor iteration.
modules/lib/_shared/deploy.nix	modules/tooling/deployment/deployment.nix	audited	ported	Service-role expansion is no longer needed by direct host deployment facts; Atlas builder protocol, capacities, and deployment policy are retained.
modules/lib/_shared/host-context-options.nix	modules/system/host-context/host-context.nix	intentional broadcast architecture	The broadcast context uses host platform/features/services directly, replacing descriptor-facing options and derived role aliases.
modules/lib/_shared/secret-wrap-args.nix	modules/services/*/*.nix	audited	ported	Service modules generate equivalent secret environment wrappers at their point of use.
modules/lib/_shared/site.nix	modules/system/base/base.nix; modules/system/local-dns/local-dns.nix; modules/services/*/*.nix	audited	ported	Domain, network topology, and Atlas builder facts are consumed directly by their owning modules.
modules/lib/_shared/syncthing-common-options.nix	modules/services/syncthing/syncthing.nix	audited	ported	TCP-only, QUIC-disabled, local announce, reporting, and crash-reporting settings match.
modules/lib/_shared/write-source-replacement-script.nix	modules/platforms/steamdeck/_steamdeck/decky-catalog/packages/_write-source-replacement-script.nix	audited	ported	The same checked replacement-script implementation is used by Decky package patches.
modules/lib/shared.nix	modules/system/host-context/host-context.nix; modules/tooling/deployment/deployment.nix; modules/platforms/steamdeck/_steamdeck/decky-catalog/packages/_write-source-replacement-script.nix	intentional broadcast architecture	Small helpers are colocated with consumers instead of exported through one shared lib namespace.
modules/network/local-dns/static-records.nix	modules/system/local-dns/local-dns.nix	audited	ported	Infrastructure records and system-lifecycle DNS publications match; a fixed publisher list replaces inventory-derived output traversal.
modules/nix/cross-compile/cross-compile.nix	broadcast builder feature	modules/tooling/cross-compile/cross-compile.nix	rewrite validated	Same aarch64 binfmt emulation for builder hosts.
modules/nix/flake-parts/_configuration-constructors.nix	host output framework	modules/hosts/*/host.nix	intentional broadcast architecture	Explicit host output declarations replace generic configuration constructors while preserving all evaluated configuration outputs.
modules/nix/flake-parts/_host-output-helpers.nix	host output framework	modules/hosts/*/host.nix	intentional broadcast architecture	Explicit host outputs replace descriptor resolution helpers.
modules/nix/flake-parts/_host-outputs.nix	host output framework	modules/hosts/*/host.nix	intentional broadcast architecture	Host checks/packages are declared by each broadcast host module rather than generated from an inventory descriptor list.
modules/nix/flake-parts/_inventory-constructors.nix	host inventory framework	modules/system/host-context/host-context.nix; modules/hosts/*/host.nix	intentional broadcast architecture	Host facts and deployment topology live in the shared schema and per-host declarations instead of a separate inventory record.
modules/nix/flake-parts/_output-constructors.nix	host output framework	modules/hosts/*/host.nix	intentional broadcast architecture	Explicit configuration definitions replace helper-generated outputs.
modules/nix/flake-parts/lib.nix	flake helper registry	modules/dendritic/dendritic.nix; modules/system/host-context/host-context.nix	intentional broadcast architecture	The rewrite eliminates the generic inventory/lib registry in favor of self-gated modules and explicit host outputs.
modules/nix/tools/determinate/_determinate.nix	feature-gated Determinate module	modules/system/nix/determinate/_content.nix	intentional adaptation	The upstream module is retained and enabled by default through the host feature, with an opt-out fact and the requested issue/PR warning.
modules/nix/tools/determinate/determinate.nix	flake-input wrapper	modules/system/nix/determinate/determinate.nix	rewrite adapted	The Determinate input is colocated with its module and follows the temporary nix-src ssh-ng fix branch.
modules/nix/tools/disko/_disko.nix	flake-input payload	modules/system/nix/disko/_content.nix	rewrite validated	Same disko NixOS module import.
modules/nix/tools/disko/disko.nix	flake-input wrapper	modules/system/nix/disko/disko.nix	rewrite validated	Same disko input declaration and conditional private import.
modules/nix/tools/formatter/_formatter.nix	flake-input payload	modules/tooling/nix/formatter/_content.nix	rewrite validated	Same treefmt integration and nixfmt formatter output.
modules/nix/tools/formatter/formatter.nix	flake-input wrapper	modules/tooling/nix/formatter/formatter.nix	rewrite validated	Same treefmt input and delayed import pattern.
modules/nix/tools/home-manager/_home-manager.nix	NixOS/Home Manager bridge	modules/system/nix/home-manager/_content.nix	intentional broadcast architecture	The same NixOS Home Manager bridge, package policy, backups, and flake inputs are retained; host context is supplied directly by broadcast modules rather than a separate inventory special argument.
modules/nix/tools/home-manager/home-manager.nix	flake-input wrapper	modules/system/nix/home-manager/home-manager.nix	rewrite validated	Same Home Manager input and conditional private import.
modules/nix/tools/impermanence/_impermanence.nix	feature-gated persistence payload	modules/features/impermanence/_content.nix	intentional safety adaptation	The provider remains imported, while baseline persistence is enabled only by the host feature; globally enabling main’s legacy defaults now triggers the upstream removed allowOther option.
modules/nix/tools/impermanence/_minimum.nix	minimum persistence payload	modules/features/impermanence/_content.nix	intentional safety adaptation	The same baseline directories, machine ID, home persistence root, and fuse policy are retained behind the explicit impermanence feature.
modules/nix/tools/impermanence/impermanence.nix	flake-input wrapper	modules/features/impermanence/impermanence.nix	rewrite validated	Same impermanence input declaration and delayed private import.
modules/nix/tools/nix-index/_nix-index.nix	NixOS/Home Manager payload	modules/tooling/nix/nix-index/_content.nix	rewrite validated	Same prebuilt index, shell integrations, comma package, and command-not-found policy.
modules/nix/tools/nix-index/nix-index.nix	flake-input wrapper	modules/tooling/nix/nix-index/nix-index.nix	rewrite validated	Same nix-index database input and delayed import.
modules/nix/tools/pkgs-by-name/_pkgs-by-name.nix	local package overlay	packages/_packages.nix; modules/dendritic/dendritic.nix	intentional broadcast architecture	Local package/export overlay construction is integrated into the rewrite’s dendritic package framework.
modules/nix/tools/pkgs-by-name/pkgs-by-name.nix	local package input wrapper	packages/_packages.nix; modules/dendritic/dendritic.nix	intentional broadcast architecture	The rewrite’s package registry replaces the pkgs-by-name-for-flake-parts adapter while retaining local overlays and package outputs.
modules/nix/tools/secrets/_secrets.nix	NixOS/Home Manager secrets payload	modules/system/nix/secrets/_content.nix; modules/home/sops/_content.nix	intentional broadcast architecture	NixOS SOPS setup and scoped credentials are retained; Home Manager SOPS setup is split into the home-sops broadcast module, including the Sam token secrets on native and RPi homes.
modules/nix/tools/secrets/secrets.nix	flake-input wrapper	modules/system/nix/secrets/secrets.nix	rewrite validated	Same sops-nix and private secrets input declarations.
modules/programs/appimage/appimage.nix	broadcast feature wrapper	modules/features/appimage/appimage.nix	rewrite validated	Same AppImage integration and FUSE support are provided by the host-gated broadcast feature.
modules/programs/armory/_armory.nix	content wrapper plus broadcast gate	modules/features/armory/_content.nix	rewrite ported	Restored the full proven Armory derivation, including runtime wrapper and legacy Python dependency wiring; the rewrite adds only the host feature gate.
modules/programs/armory/armory.nix	flake-input wrapper	modules/features/armory/armory.nix	rewrite validated	Same pinned runtime nixpkgs input and conditional private import.
modules/programs/beets/beets.nix	reviewed	modules/features/beets/beets.nix; modules/features/beets/_content.nix	adapted	Beets installation and configuration are owned solely by the rewrite's Beets module.
modules/programs/beets/config.yaml	modules/features/beets/assets/config.yaml	Byte comparison	validated	Configuration asset matches main.
modules/programs/beets/plugins/demlo_compat.py	modules/features/beets/assets/plugins/demlo_compat.py	Byte comparison	validated	Compatibility plugin matches main.
modules/programs/bitwarden/bitwarden.nix	broadcast feature wrapper	modules/features/bitwarden/bitwarden.nix; modules/features/bitwarden/{_nixos-content,_home-content}.nix	rewrite validated	Main's separate NixOS insecure-package allowance and Home Manager package payload are retained behind the broadcast feature wrapper.
modules/programs/browser/browser.nix	browser configuration module	modules/home/firefox/firefox.nix; modules/home/firefox/_content.nix	rewrite validated	The rewrite supplies the richer managed Firefox implementation behind the non-Steam-Deck GUI/home gate.
modules/programs/browser/impermanence.nix	browser persistence	modules/home/persistence/_content.nix	rewrite ported	Firefox, Chrome, and Chromium profile persistence is restored under the shared /persistent home tree; no current host enables impermanence yet.
modules/programs/cli-tools/generic.nix	consolidated tooling module	modules/tooling/cli-tools/cli-tools.nix	rewrite validated	Main’s common packages, local-flake maintenance tools, and GUI lease editor are retained; local-checkout tooling is gated by the broadcast deployment context and the lease-editor wrapper is private content.
modules/programs/cli-tools/nixos.nix	consolidated tooling module	modules/tooling/cli-tools/cli-tools.nix	rewrite validated	Main’s lshw, parted, and x86-only intel-gpu-tools payload is retained in the consolidated module.
modules/programs/demlo/_demlo-home.nix	reviewed	modules/features/demlo/_content.nix	adapted	Demlo Home Manager payload is owned by the rewrite's Demlo module.
modules/programs/demlo/_demlo.nix	reviewed	modules/features/demlo/_content.nix	adapted	Demlo package enablement is owned by the rewrite's Demlo module.
modules/programs/demlo/demlo.nix	reviewed	modules/features/demlo/demlo.nix	adapted	Demlo input wiring and activation are owned by the separate Demlo feature module; Atlas enables Beets and Demlo through separate host facts.
modules/programs/demlo/demlo/config.lua	modules/features/demlo/assets/config.lua	Mechanical content port	validated	Byte-identical to main.
modules/programs/demlo/demlo/scripts/10-tag-normalize.lua	modules/features/demlo/assets/scripts/10-tag-normalize.lua	Mechanical content port	validated	Byte-identical to main.
modules/programs/demlo/demlo/scripts/30-tag-case.lua	modules/features/demlo/assets/scripts/30-tag-case.lua	Mechanical content port	validated	Byte-identical to main.
modules/programs/demlo/demlo/scripts/60-path.lua	modules/features/demlo/assets/scripts/60-path.lua	Mechanical content port	validated	Byte-identical to main.
modules/programs/demlo/demlo/scripts/70-cover.lua	modules/features/demlo/assets/scripts/70-cover.lua	Mechanical content port	validated	Byte-identical to main.
modules/programs/deskflow/deskflow.nix	broadcast feature wrapper	modules/features/deskflow/deskflow.nix	rewrite validated	Same Deskflow package, service, and firewall behavior are host-gated.
modules/programs/flatpak/_flatpak.nix	flake-input content wrapper	modules/features/flatpak/_content.nix	rewrite validated	Same nix-flatpak import, Flathub source, packages, and portal configuration; only formatting differs.
modules/programs/flatpak/flatpak.nix	flake-input wrapper	modules/features/flatpak/flatpak.nix	rewrite validated	Same nix-flatpak input declaration and conditional private import.
modules/programs/kde/kde.nix	desktop aggregate	modules/features/desktop/desktop.nix	intentional broadcast architecture	The KDE/Plasma and X11 payload is consolidated into the desktop-session feature, the rewrite’s equivalent host fact.
modules/programs/minecraft/minecraft.nix	broadcast feature wrapper	modules/features/minecraft/minecraft.nix	rewrite validated	Same desktop tools and firewall rules, with the name distinguishing client tools from the separate server module.
modules/programs/noson/noson.nix	broadcast feature wrapper	modules/features/noson/noson.nix	rewrite validated	Same Noson package and firewall rule; preserved user changes remain untouched.
modules/programs/office/office.nix	broadcast feature wrapper	modules/features/office/office.nix; modules/features/office/_content.nix	rewrite validated	Main's Home Manager office-suite package payload is retained behind the broadcast feature bridge.
modules/programs/shell/impermanence.nix	shell persistence	modules/home/persistence/_content.nix	rewrite ported	Fish configuration and Bash history persistence are restored under the shared /persistent home tree by the self-gated home-persistence broadcast module; no current host enables impermanence yet.
modules/programs/shell/shell.nix	content wrapper	modules/home/bash/_content.nix	rewrite validated	Same Bash completion is retained alongside the intentional Fish-exec integration.
modules/programs/steam/steam.nix	broadcast feature wrapper	modules/features/steam/steam.nix	rewrite validated	Same Steam packages, cache, firewall, and program settings use the common unfree-package mechanism.
modules/programs/threedprinter/threedprinter.nix	broadcast feature wrapper	modules/features/threedprinter/threedprinter.nix	rewrite validated	Same 3D-printer packages and services are host-gated.
modules/programs/wine/wine.nix	broadcast feature wrapper	modules/features/wine/wine.nix	rewrite validated	Same Wine payload is retained, including the explicit 32-bit graphics package slot, plus the intentional Bottles/patool build workaround.
modules/secrets/secrets.nix	modules/system/nix/secrets/{secrets,_secrets}.nix	intentional broadcast architecture	The SOPS input and secret-root context are colocated in the feature module rather than split into context and assignment modules.
modules/secrets/system-secrets.nix	modules/system/nix/secrets/secrets.nix	audited	ported	The nix-secrets input is declared in the SOPS integration module.
modules/services/adguardhome/lease.template	reviewed	AdGuard Home removed	adapted	Legacy AdGuard template is intentionally absent after the Coredns migration.
modules/services/attic/attic.nix	reviewed	Source review	validated	Attic cache settings, bootstrap/push/post-build scripts, secret, proxy, and host gate are preserved; script structure is aligned with main while paths/options are supplied by the broadcast wrapper.
modules/services/atuin/atuin.nix	reviewed	Source review	validated	Atuin server settings and dedicated-host versus apex-path routing match.
modules/services/blocky/blocky.nix	Blocky DNS service	modules/services/blocky/blocky.nix	rewrite output validated	Naboo's rendered Blocky settings are byte-identical; activation is intentionally sourced from the broadcast host service fact.
modules/services/caddy/_caddy-service.nix	reviewed	Consolidated into caddy.nix	adapted	Caddy route rendering, plugin set, secret, firewall, log format, and service behavior are retained in the consolidated module.
modules/services/caddy/_fail2ban.nix	reviewed	Consolidated into caddy.nix	adapted	Fail2ban filters and Cloudflare ban/unban scripts match main's scope, request, and logging handling inside the consolidated broadcast module.
modules/services/caddy/caddy.nix	reviewed	Consolidated wrapper	adapted	Rewrite consolidates the two main implementation imports into one broadcast module.
modules/services/containers/watchtower/watchtower.nix	reviewed	Podman socket adaptation	adapted	Uses Podman's native socket to avoid Docker socket conflict; image and update behavior match.
modules/services/dhcp-coredns/collect_leases.py	DHCP lease collector	modules/services/dhcp-coredns/dhcp-coredns/assets/scripts/collect_leases.py	rewrite validated	Byte-identical helper script.
modules/services/dhcp-coredns/dhcp-coredns/dhcp-coredns.nix	DHCP, Kea, and CoreDNS stack	modules/services/dhcp-coredns/dhcp-coredns/dhcp-coredns.nix	rewrite output validated	Naboo's rendered CoreDNS configuration is byte-identical; option paths and static-record publication are intentional host-fact adaptations.
modules/services/dhcp-coredns/dhcp-failover.nix	DHCP failover monitor	modules/services/dhcp-failover/dhcp-failover.nix	rewrite reviewed	Failover script, timer, and health checks match; configuration is gated by the broadcast host service fact.
modules/services/dhcp-coredns/lease.template	reviewed	Lease editor schema	adapted	The rewrite validates the same lease shape without a standalone template asset.
modules/services/dhcp-coredns/leases_editor.py	modules/services/dhcp-coredns/dhcp-coredns/assets/scripts/leases_editor.py	Behavioral comparison	adapted	Rewrite retains legacy-shape import, reservation output, normalization, duplicate highlighting, validation, subnet usage, filtering, row reordering, and save behavior in a smaller implementation.
modules/services/dhcp-coredns/render_zone.py	CoreDNS zone renderer	modules/services/dhcp-coredns/dhcp-coredns/assets/scripts/render_zone.py	rewrite validated	Byte-identical helper script.
modules/services/frigate/frigate.nix	reviewed	Source review	validated	Dedicated-host listener, DNS, Caddy route, and assertions match.
modules/services/games/minecraft/minecraft.nix	reviewed	Atlas container source review	validated	Bedrock-connect, Java server, pinned plugins, mounts, ports, and aliases match.
modules/services/immich/immich.nix	reviewed	Source review	validated	Immich storage assertion, listener, DNS, proxy, and external-domain behavior match; both branches retain the same removed upstream database option.
modules/services/mealie/mealie.nix	Mealie recipe service	modules/services/mealie/mealie.nix	rewrite output validated	Atlas's evaluated Mealie settings, local PostgreSQL setup, listener/port, and Caddy route match main. Neither module overrides Mealie's upstream data directory.
modules/services/media/_arr/default.nix	reviewed	Shared ARR helper behavior is inlined per rewrite service	adapted	Each service retains the same Caddy route, service, user/group, and managed-service behavior without a shared helper layer.
modules/services/media/_defaults.nix	reviewed	Host context owns media defaults	validated	`my.media` defaults are declared centrally in `modules/system/host-context/host-context.nix`.
modules/services/media/_media-base.nix	reviewed	Host context owns media option schema	validated	Media paths, resolver list, identities, and UID uniqueness assertion are preserved in the centralized host context/media-network modules.
modules/services/media/_podman-network.nix	reviewed	Demand-gated network service	adapted	Same Podman network unit; rewrite enables it when a network consumer (Deluge or Watchtower) is selected rather than via a stack-wide boolean.
modules/services/media/airsonic/airsonic.nix	reviewed	Atlas container evaluated	validated	Airsonic container settings and its route match; global package/route ordering differs only from broader rewrite composition and input revisions.
modules/services/media/arr-sync/arr-sync.nix	reviewed	Atlas container evaluated	validated	Arr-sync container, secret ownership, and host networking match.
modules/services/media/bazarr/bazarr.nix	reviewed	Atlas service evaluated	validated	Bazarr and managed 4K service behavior match; package revision differs with nixpkgs input.
modules/services/media/deluge/deluge.nix	reviewed	Atlas containers evaluated	validated	Deluge, Gluetun, health checks, network dependency, mounts, and proxy route match.
modules/services/media/flaresolverr/flaresolverr.nix	reviewed	Atlas container evaluated	validated	Flaresolverr container settings match.
modules/services/media/gonic/gonic.nix	reviewed	Atlas service evaluated	validated	Gonic settings and proxy behavior match; only input-revision store paths differ.
modules/services/media/jellyfin/jellyfin.nix	reviewed	Atlas service evaluated	validated	Jellyfin service/transcoding settings and proxy behavior match; omitted empty assignments resolve to the same defaults.
modules/services/media/media-server.nix	reviewed	Broadcast host feature selection	adapted	Rewrite imports service modules globally and selects the same Atlas media stack through `my.host.services`, replacing the main aggregate module and enable defaults.
modules/services/media/ombi/ombi.nix	reviewed	Source review	validated	Same disabled-by-default Ombi proxy and service settings, gated by the host service fact.
modules/services/media/organizr/organizr.nix	reviewed	Atlas container evaluated	validated	Organizr container, resolver options, and proxy route match.
modules/services/media/plex/plex.nix	reviewed	Atlas container settings validated	validated	Plex, Tautulli, Kitana, DNS, and Caddy behavior match, including main's pinned Plex image.
modules/services/media/profilarr/profilarr.nix	reviewed	Atlas container evaluated	validated	Profilarr container, identity, and route behavior match.
modules/services/media/prowlarr/prowlarr.nix	reviewed	Atlas service evaluated	validated	Prowlarr settings and route match; package store path differs with nixpkgs input.
modules/services/media/radarr/radarr.nix	reviewed	Atlas service evaluated	validated	Radarr and managed 4K service behavior match; package revision differs with nixpkgs input.
modules/services/media/sonarr/sonarr.nix	reviewed	Atlas service evaluated	validated	Sonarr and managed 4K service behavior match; package store path differs with nixpkgs input.
modules/services/monitoring-stack.nix	reviewed	modules/services/monitoring/monitoring.nix; modules/services/monitoring/_dashboards-content.nix; modules/services/monitoring/_content.nix	validated	Monitoring dashboard payload is private again; Grafana/Prometheus, exporters, DNS, routes, and local/remote smartctl scrape jobs are preserved.
modules/services/netbird-proxy/netbird-proxy.nix	reviewed	intentionally retired	validated	The predecessor media-server import left netbird-proxy commented out, so it supplied no effective host behavior; the active NetBird server owns its public routes directly.
modules/services/netbird/netbird-client.nix	reviewed	Source review	validated	Client routing and firewall settings match.
modules/services/netbird/netbird-server.nix	reviewed	Source review	validated	Server, Pocket ID, relay, Caddy, secrets, and firewall configuration match.
modules/services/notifications/apprise/apprise.nix	reviewed	Atlas container evaluated	validated	Apprise container, account, persistent paths, DNS, and authenticated proxy match.
modules/services/notifications/gotify/gotify.nix	reviewed	Source review	validated	Gotify settings and path proxy match; rewrite uses current upstream environment option rather than the obsolete port alias.
modules/services/notifications/ntfy-sh/ntfy-sh.nix	reviewed	Source review	validated	ntfy settings, DNS publication, and proxy route match.
modules/services/printing/ankerctl.nix	reviewed	Atlas container evaluated	validated	Ankerctl container, persistent paths, firewall, DNS, and authenticated proxy match.
modules/services/printing/printing.nix	reviewed	Source review	adapted	Same workstation/non-handheld automatic printing and Avahi behavior; host facts replace the main module's explicit enable option.
modules/services/samba/samba.nix	reviewed	Source review	validated	Samba defaults, WSDD, firewall, and settings merge match.
modules/services/scrutiny/scrutiny.nix	reviewed	Source review	validated	Scrutiny settings, SMART tools, DNS, and authenticated proxy match.
modules/services/ssh/ssh.nix	reviewed	Restored deploy auto-enable	validated	SSH now retains server/RPi and deployment-account auto-enable behavior with SFTP disabled by default.
modules/services/syncthing-server/syncthing-server.nix	reviewed	Source review	validated	Atlas server and desktop Home Manager client topology/configuration match; both branches retain the same removed upstream Syncthing option.
modules/services/virtualisation/docker.nix	reviewed	Feature-gated runtime	adapted	Host docker feature replaces the legacy generic containers/manual gate.
modules/services/virtualisation/podman.nix	reviewed	Feature-gated runtime	adapted	Host podman feature preserves Podman DNS/firewall/backend behavior.
modules/services/xserver/xserver.nix	reviewed	Consolidated desktop feature	validated	X server enablement and video-driver list are preserved in the desktop feature.
modules/system/settings/audio/audio.nix	broadcast feature wrapper	modules/features/audio/audio.nix	rewrite validated	PipeWire, PulseAudio disablement, rtkit, and 32-bit ALSA configuration match main.
modules/system/settings/bluetooth/bluetooth.nix	broadcast feature wrapper	modules/features/bluetooth/bluetooth.nix	rewrite validated	Bluetooth enablement and boot power state match main.
modules/system/settings/bluetooth/impermanence.nix	Bluetooth persistence	modules/features/bluetooth/bluetooth.nix	rewrite ported	Bluetooth state is restored under /persistent when impermanence is enabled.
modules/system/settings/bootstrap/bootstrap-base.nix	host bootstrap variants	modules/hosts/*/host.nix	rewrite adapted	Bootstrap hosts use the common broadcast registry plus explicit tag and host facts; SSH and minimal operational defaults are supplied by self-gated modules.
modules/system/settings/bootstrap/bootstrap-enroll.nix	broadcast tooling module	modules/tooling/bootstrap-enroll/bootstrap-enroll.nix; modules/tooling/bootstrap-enroll/_content.nix	rewrite ported	The generated enrollment package, configurable instructions path, and /etc path assertion now live in the private payload while the public wrapper keeps only the bootstrap-tag gate.
modules/system/settings/deploy/deploy-builder-defaults.nix	consolidated deployment module	modules/tooling/deployment/deployment.nix	intentional broadcast architecture	The inventory-derived builder model is represented by the proved Atlas ssh-ng builder definition and feature-gated remote user policy.
modules/system/settings/deploy/deploy-defaults.nix	consolidated deployment module	modules/tooling/deployment/deployment.nix	rewrite validated	Remote build, remote-user, trusted-user, and nh defaults are provided by the common deployment module.
modules/system/settings/deploy/deploy-local-defaults.nix	deployment context	modules/tooling/deployment/deployment.nix; modules/hosts/*/host.nix	rewrite adapted	Hosts declare their checkout explicitly, allowing the shared nh wrapper to build the current host without hardcoding Zaphod.
modules/system/settings/firmware/firmware.nix	broadcast feature wrapper	modules/features/firmware/firmware.nix	rewrite validated	fwupd and firmware/unfree configuration match main.
modules/system/settings/host-context/host-context.nix	broadcast host facts	modules/system/host-context/host-context.nix	intentional broadcast architecture	The rewrite’s single fact schema replaces main’s nested host-context helpers while retaining derived form-factor and service predicates.
modules/system/settings/locale/locale.nix	broadcast system module	modules/system/locale/locale.nix	rewrite validated	Timezone, default locale, supported locales, and all extra locale settings match main.
modules/system/settings/nix-ld/nix-ld.nix	broadcast feature wrapper	modules/features/nix-ld/nix-ld.nix	rewrite validated	Same feature-gated nix-ld enablement.
modules/system/settings/nvidia/nvidia.nix	broadcast feature wrapper	modules/features/nvidia/nvidia.nix	rewrite validated	NVIDIA modules, PRIME sync, graphics, and unfree package policy match through the common unfree-name aggregation.
modules/system/settings/plymouth/plymouth.nix	broadcast system module	modules/system/plymouth/plymouth.nix	rewrite validated	Same cybernetic Plymouth theme and boot parameters, with the explicit max systemd-boot console mode added to prevent low-resolution firmware modes.
modules/system/settings/systemConstants/systemConstants.nix	secret-backed site data	modules/system/base/base.nix; modules/system/local-dns/local-dns.nix	rewrite adapted	Domain and network values are read where consumed instead of exposed through a global mutable constants option.
modules/system/settings/systemd-boot/systemd-boot.nix	host hardware boot configuration	modules/hosts/*/hardware.nix	intentional broadcast architecture	Systemd-boot enablement, mirrored ESP behavior, and host-specific console modes are expressed with each hardware layout; Atlas retains the mirrored /boot2 synchronization.
modules/system/settings/wayland/wayland.nix	broadcast system module	modules/home/wayland/wayland.nix	rewrite validated	Same GUI-gated NIXOS_OZONE_WL session variable.
modules/system/settings/work/system-work-dev.nix	WSL work profile	modules/hosts/nixos-wsl/system/{system,_content}.nix	rewrite validated	Work secrets, unfree/insecure compatibility, and Fish enablement are retained in the native WSL configuration.
modules/system/settings/wsl/_base-module.nix	WSL native configuration	modules/platforms/wsl/nixos-wsl/{nixos-wsl,_content}.nix; modules/hosts/nixos-wsl/{users,system}/*.nix	rewrite validated	Docker Desktop, interop, user group, nix-ld libraries, SSH firewall, and base packages are retained in private content.
modules/system/settings/wsl/_certs-module.nix	WSL native configuration	modules/hosts/nixos-wsl/system/_content.nix	rewrite validated	Corporate CA bundle, session/daemon certificate environment, sandbox paths, SOPS token, and trusted user settings are retained in private content.
modules/system/settings/wsl/wsl.nix	flake-input and WSL wrapper	modules/platforms/wsl/nixos-wsl/{nixos-wsl,_content}.nix; modules/hosts/nixos-wsl/host/host.nix	rewrite validated	Same NixOS-WSL/work-secrets input wiring and WSL module integration; both trees encounter the same upstream removed wsl.docker-native option when fully serializing wsl.
modules/system/settings/zsa/zsa.nix	broadcast feature wrapper	modules/features/zsa/zsa.nix	rewrite validated	Same keyboard support, Keymapp package, and unfree policy through the common unfree-name aggregation.
modules/system/system-types/1-system-minimal/homeManager/homeManager-minimal.nix	modules/home/home/home.nix	audited	ported	Home directory and 26.05 Home Manager compatibility baseline are retained.
modules/system/system-types/1-system-minimal/nixos/_nixos-minimal.nix	modules/system/base/base.nix; modules/tooling/{deployment,cli-tools}.nix	audited	ported	Nix defaults, Dvorak console, tmpfs, state-version guard, CLI baseline, token include, and deployment user policy are retained.
modules/system/system-types/1-system-minimal/nixos/nixos-minimal.nix	modules/system/base/base.nix	intentional broadcast architecture	Private wrapper is unnecessary because the concrete base module is import-tree private where appropriate.
modules/system/system-types/2-system-default/system-default.nix	modules/system/*/*.nix; modules/features/*/*.nix; modules/tooling/*/*.nix	intentional broadcast architecture	The prior import bundle is decomposed into global self-gating broadcast modules.
modules/system/system-types/3-system-cli/system-cli.nix	modules/system/base/base.nix; modules/home/home/home.nix	intentional broadcast architecture	CLI and home behavior are gated directly by host facts instead of a named profile layer.
modules/system/system-types/4-system-desktop/system-desktop.nix	modules/features/desktop/desktop.nix; modules/home/home/home.nix	intentional broadcast architecture	Desktop and graphical-home behavior are feature-gated rather than profile imported.
modules/system/system-types/5-system-workstation/system-workstation.nix	modules/features/{bitwarden,flatpak,office}.nix	audited	ported	Workstation Bitwarden, Flatpak, and Office behavior is retained through feature gates.
modules/users/_module-helpers.nix	modules/home/home/home.nix; modules/users/sam/{sam,_content}.nix; modules/hosts/*/users.nix	intentional broadcast architecture	User factories are replaced by a shared managed-home module, a shared Sam system account module, and host-owned non-Sam system accounts.
modules/users/sam/git.nix	modules/home/git/_content.nix	audited	ported	Personal and WSL signing-key variants, identity, and Git policy are retained through the shared Git payload with a host-specific identity path.
modules/users/sam/home-base.nix	modules/home/home/_content.nix	audited	ported	Sam's baseline packages and GUI package selection are retained.
modules/users/sam/home-personal.nix	modules/home/{atuin,gdrive,mcp}.nix	audited	ported	Atuin, Google Drive, and personal MCP behavior is feature-gated.
modules/users/sam/nixos-base.nix	modules/users/sam/{sam,_content}.nix; modules/home/fish/_content.nix	audited	ported	Sam display name and group are retained by the shared Sam account module, while system Fish enablement is restored by the shared home-fish broadcast module.
modules/users/sam/nixos-private.nix	modules/system/nix/secrets/_content.nix; modules/users/sam/{sam,_content}.nix	audited	ported	Hashed password and GitHub/GHCR secret declarations are retained with service/host gates.
modules/users/sam/sam-secrets.nix	modules/home/{sops,git,gpg}.nix	audited	ported	Personal Home Manager SOPS, Git, and GPG secret roots are retained by separate self-gated Home broadcast modules.
modules/users/sam/sam-syncthing.nix	modules/services/syncthing/syncthing.nix	audited	ported	Device topology, folder IDs, paths, versioning, and desktop/Steam Deck membership match.
modules/users/sam/sam.nix	modules/home/*.nix; modules/users/sam/{sam,_content}.nix	intentional broadcast architecture	The shared Sam account module and self-gated common Home broadcast modules replace variant user factories.
packages/cowsay/package.nix	pkgs.cowsay	intentional omission	The historical sleepy-cowsay example was never referenced by a main module; hosts continue to use nixpkgs cowsay.
resources/plans/rpi-family-alignment.md	docs/migration-plan.md	intentional documentation replacement	The rewrite migration and Pi design are documented in the current migration/architecture records.
scripts/bootstrap-enroll-remote.sh	scripts/bootstrap-enroll-remote.sh	audited	ported	Equivalent remote bootstrap enrollment wrapper.
scripts/bootstrap-target.sh	scripts/bootstrap-target.sh	audited	ported	Explicit lower-case output selection replaces inventory traversal and supports all declared bootstrap/image variants.
scripts/install-anywhere.sh	scripts/install-anywhere.sh	audited	ported	Equivalent nixos-anywhere bootstrap installation wrapper.
steamdeck-packages/SDH-AnimationChanger/README-AnimationChanger.md	modules/platforms/steamdeck/_steamdeck/decky-catalog/packages/animation-changer-enhanced.nix	audited	intentional package consolidation	Animation Changer is rebuilt through the shared Decky package framework.
steamdeck-packages/SDH-AnimationChanger/decky-animation-changer-enhanced-main.py	modules/platforms/steamdeck/_steamdeck/decky-catalog/packages/animation-changer-enhanced.nix	audited	intentional package consolidation	Same plugin behavior is packaged through the current source/patch derivation.
steamdeck-packages/SDH-AnimationChanger/decky-animation-changer-enhanced.nix	modules/platforms/steamdeck/_steamdeck/decky-catalog/packages/animation-changer-enhanced.nix	audited	ported	Used by the Decky catalogue with the same animations and seeded settings.
steamdeck-packages/_packages.nix	modules/platforms/steamdeck/_steamdeck/decky-catalog/packages/catalog.nix	intentional package consolidation	The catalogue is now an explicit package map instead of exported package wrappers.
steamdeck-packages/css-theme-config-simple.nix	modules/platforms/steamdeck/_steamdeck/decky-catalog/packages/css-loader.nix	audited	ported	CSS Loader themes are retained through declarative seeded settings.
steamdeck-packages/decky-animation-changer.nix	modules/platforms/steamdeck/_steamdeck/decky-catalog/packages/animation-changer-enhanced.nix	audited	ported	Enhanced Animation Changer supersedes the old wrapper.
steamdeck-packages/decky-audio-loader.nix	modules/platforms/steamdeck/_steamdeck/decky-catalog/packages/catalog.nix	audited	ported	Audio Loader is packaged by the catalogue.
steamdeck-packages/decky-autoflatpaks.nix	modules/platforms/steamdeck/_steamdeck/decky-catalog/packages/catalog.nix	audited	ported	AutoFlatpaks is packaged by the catalogue.
steamdeck-packages/decky-autosuspend.nix	modules/platforms/steamdeck/_steamdeck/decky-catalog/packages/autosuspend.nix	audited	ported	AutoSuspend patch and plugin package are retained.
steamdeck-packages/decky-bluetooth.nix	modules/platforms/steamdeck/_steamdeck/decky-catalog/packages/catalog.nix	audited	ported	Bluetooth plugin is packaged by the catalogue.
steamdeck-packages/decky-brightness-bar.nix	modules/platforms/steamdeck/_steamdeck/decky-catalog/packages/brightness-bar.nix	audited	ported	Brightness Bar is retained.
steamdeck-packages/decky-css-loader.nix	modules/platforms/steamdeck/_steamdeck/decky-catalog/packages/css-loader.nix	audited	ported	CSS Loader patch and declarative themes are retained.
steamdeck-packages/decky-free-loader.nix	modules/platforms/steamdeck/_steamdeck/decky-catalog/packages/free-loader.nix	audited	ported	Free Loader patch and plugin package are retained.
steamdeck-packages/decky-isthereanydeal.nix	modules/platforms/steamdeck/_steamdeck/decky-catalog/packages/catalog.nix	audited	ported	IsThereAnyDeal is packaged by the catalogue.
steamdeck-packages/decky-kdeconnect.nix	modules/platforms/steamdeck/_steamdeck/decky-catalog/packages/catalog.nix	audited	ported	KDE Connect plugin is packaged by the catalogue.
steamdeck-packages/decky-lookup.nix	modules/platforms/steamdeck/_steamdeck/decky-catalog/packages/catalog.nix	audited	ported	Lookup plugin is packaged by the catalogue.
steamdeck-packages/decky-museck.nix	modules/platforms/steamdeck/_steamdeck/decky-catalog/packages/catalog.nix	audited	ported	Museck plugin is packaged by the catalogue.
steamdeck-packages/decky-protondb.nix	modules/platforms/steamdeck/_steamdeck/decky-catalog/packages/catalog.nix	audited	ported	ProtonDB plugin is packaged by the catalogue.
steamdeck-packages/decky-steamgriddb.nix	modules/platforms/steamdeck/_steamdeck/decky-catalog/packages/catalog.nix	audited	ported	SteamGridDB plugin is packaged by the catalogue.
steamdeck-packages/decky-syncthing-jovian/decky-syncthing-jovian.nix	modules/platforms/steamdeck/_steamdeck/decky-catalog/packages/syncthing.nix	audited	ported	Decky Syncthing package is retained.
steamdeck-packages/decky-syncthing-jovian/decky-syncthing-jovian/main.py	modules/platforms/steamdeck/_steamdeck/decky-catalog/packages/syncthing.nix	audited	intentional package consolidation	Plugin source is fetched and packaged through the current derivation.
steamdeck-packages/decky-syncthing-jovian/decky-syncthing-jovian/package.json	modules/platforms/steamdeck/_steamdeck/decky-catalog/packages/syncthing.nix	audited	intentional package consolidation	Plugin source is fetched and packaged through the current derivation.
steamdeck-packages/decky-syncthing-jovian/decky-syncthing-jovian/plugin.json	modules/platforms/steamdeck/_steamdeck/decky-catalog/packages/syncthing.nix	audited	intentional package consolidation	Plugin source is fetched and packaged through the current derivation.
steamdeck-packages/decky-syncthing-jovian/decky-syncthing-jovian/pnpm-lock.yaml	modules/platforms/steamdeck/_steamdeck/decky-catalog/packages/syncthing.nix	audited	intentional package consolidation	Plugin source is fetched and packaged through the current derivation.
steamdeck-packages/decky-syncthing-jovian/decky-syncthing-jovian/rollup.config.js	modules/platforms/steamdeck/_steamdeck/decky-catalog/packages/syncthing.nix	audited	intentional package consolidation	Plugin source is fetched and packaged through the current derivation.
steamdeck-packages/decky-syncthing-jovian/decky-syncthing-jovian/src/index.tsx	modules/platforms/steamdeck/_steamdeck/decky-catalog/packages/syncthing.nix	audited	intentional package consolidation	Plugin source is fetched and packaged through the current derivation.
steamdeck-packages/decky-syncthing-jovian/decky-syncthing-jovian/src/jsx-compat.d.ts	modules/platforms/steamdeck/_steamdeck/decky-catalog/packages/syncthing.nix	audited	intentional package consolidation	Plugin source is fetched and packaged through the current derivation.
steamdeck-packages/decky-syncthing-jovian/decky-syncthing-jovian/tsconfig.json	modules/platforms/steamdeck/_steamdeck/decky-catalog/packages/syncthing.nix	audited	intentional package consolidation	Plugin source is fetched and packaged through the current derivation.
steamdeck-packages/decky-tabmaster.nix	modules/platforms/steamdeck/_steamdeck/decky-catalog/packages/catalog.nix	audited	ported	TabMaster plugin is packaged by the catalogue.
steamdeck-packages/decky-web-browser.nix	modules/platforms/steamdeck/_steamdeck/decky-catalog/packages/catalog.nix	audited	ported	DeckWebBrowser plugin and both settings paths are retained.
steamdeck-packages/decky-xrgaming.nix	modules/platforms/steamdeck/_steamdeck/decky-catalog/packages/xrgaming.nix	audited	ported	XRGaming patch and udev support are retained.
steamdeck-packages/flake.lock	flake.lock	intentional package consolidation	Decky dependencies are absorbed by the root flake lock.
steamdeck-packages/mkDeckyPlugin.nix	modules/platforms/steamdeck/_steamdeck/decky-catalog/packages/mk-plugin.nix	audited	ported	Equivalent shared Decky plugin builder.
steamdeck-packages/patches/decky-css-loader-main.py	modules/platforms/steamdeck/_steamdeck/decky-catalog/packages/css-loader.nix	audited	ported	CSS Loader patch is applied by the current package derivation.
steamdeck-packages/patches/decky-css-loader-nix-themes.patch	modules/platforms/steamdeck/_steamdeck/decky-catalog/packages/css-loader.nix	audited	ported	CSS Loader theme patch is applied by the current package derivation.
